Employee_ID,Department,Job_Level,Base_Salary_EUR,Compa_Ratio,Gender,Tenure_Years,Performance_Score,Flight_Risk
EMP-001,Engineering,Senior,72000,0.95,M,4,4,Low
EMP-002,HR,Lead,68000,1.02,F,6,5,Low
EMP-003,Finance,Manager,85000,1.08,M,8,4,Medium
EMP-004,Engineering,Junior,42000,0.88,F,1,3,High
EMP-005,Marketing,Senior,61000,0.92,F,3,4,Medium
EMP-006,Operations,Lead,70000,1.00,M,5,3,Low
EMP-007,Engineering,Manager,92000,1.12,M,7,5,Low
EMP-008,HR,Senior,58000,0.91,F,4,2,High
EMP-009,Finance,Senior,65000,0.97,M,3,4,Low
EMP-010,Marketing,Junior,39000,0.85,M,1,3,Medium
